{"cameraMode":{"drawMode":0,"name":"Shaded","section":"Shading Mode"},"sceneLighting":true,"audioPlay":false,"sceneViewState":{"m_AlwaysRefresh":false,"showFog":true,"showSkybox":true,"showFlares":true,"showImageEffects":true,"showParticleSystems":true,"showVisualEffectGraphs":true,"m_FxEnabled":true},"in2DMode":false,"pivot":{"x":-57.550559997558597,"y":8.447386741638184,"z":43.159385681152347},"rotation":{"x":0.0638100653886795,"y":-0.04072237014770508,"z":-0.0025178224314004184,"w":-0.997194230556488},"size":17.872440338134767,"orthographic":false}