{"cameraMode":{"drawMode":0,"name":"Shaded","section":"Shading Mode"},"sceneLighting":true,"audioPlay":false,"sceneViewState":{"m_AlwaysRefresh":false,"showFog":true,"showSkybox":true,"showFlares":true,"showImageEffects":true,"showParticleSystems":true,"showVisualEffectGraphs":true,"m_FxEnabled":true},"in2DMode":false,"pivot":{"x":-0.2460465133190155,"y":-0.30302250385284426,"z":0.05918407440185547},"rotation":{"x":0.0638100653886795,"y":-0.04072237014770508,"z":-0.0025178224314004184,"w":-0.997194230556488},"size":0.8660253882408142,"orthographic":false}